{"products":[{"id":"0.558673316244021","qty":4}],"totalPrice":83.95999999996275}